{
  "primitive": "yaw-left",
  "param_names": [
    "frequency_hz",
    "center_front",
    "center_back_left",
    "center_back_right",
    "amplitude_front",
    "amplitude_back_left",
    "amplitude_back_right",
    "phase_front",
    "phase_back_left",
    "phase_back_right",
    "harmonic_front",
    "harmonic_back_left",
    "harmonic_back_right",
    "heading_kp",
    "yaw_kd",
    "turn_front",
    "turn_back_left",
    "turn_back_right",
    "harmonic_phase_front",
    "harmonic_phase_back_left",
    "harmonic_phase_back_right"
  ],
  "params": {
    "frequency_hz": 1.1720298884015339,
    "center_front": 0.010886105223573743,
    "center_back_left": -0.004970568517909791,
    "center_back_right": -0.057196330406135046,
    "amplitude_front": 0.05387739226837701,
    "amplitude_back_left": 0.059541107928711486,
    "amplitude_back_right": 0.05049230387507073,
    "phase_front": -0.8748745540617149,
    "phase_back_left": 1.2705703198986642,
    "phase_back_right": -2.942616529563476,
    "harmonic_front": 0.01917337531713469,
    "harmonic_back_left": -0.037685949470412976,
    "harmonic_back_right": -0.002957167130711174,
    "heading_kp": 0.1135304798872938,
    "yaw_kd": 0.02638434111227541,
    "turn_front": 0.20639396538884316,
    "turn_back_left": -0.23541747627185705,
    "turn_back_right": 0.08610536329965904,
    "harmonic_phase_front": -1.0584725011698963,
    "harmonic_phase_back_left": 0.7304062003451959,
    "harmonic_phase_back_right": -2.535870139185876
  },
  "vector": [
    1.1720298884015339,
    0.010886105223573743,
    -0.004970568517909791,
    -0.057196330406135046,
    0.05387739226837701,
    0.059541107928711486,
    0.05049230387507073,
    -0.8748745540617149,
    1.2705703198986642,
    -2.942616529563476,
    0.01917337531713469,
    -0.037685949470412976,
    -0.002957167130711174,
    0.1135304798872938,
    0.02638434111227541,
    0.20639396538884316,
    -0.23541747627185705,
    0.08610536329965904,
    -1.0584725011698963,
    0.7304062003451959,
    -2.535870139185876
  ],
  "result": {
    "score": -492.53610767736814,
    "progress": 0.2296498724032925,
    "x_distance": 0.0006815922949696867,
    "y_distance": 0.006176687950633614,
    "cross_track_error": -0.003388468223424589,
    "heading_error": -0.6871648204171272,
    "yaw_distance": 0.2296498724032925,
    "target_yaw_distance": 2.2800000000000002,
    "yaw_distance_error": -2.0503501275967073,
    "planar_drift": 0.006216824765974624,
    "min_height": 0.0686900532357046,
    "mean_height_warning_deficit": 0.0,
    "max_height_warning_deficit": 0.0,
    "mean_height_deficit": 0.0,
    "max_height_deficit": 0.0,
    "mean_planar_drift": 0.003845242668181221,
    "max_planar_drift": 0.006361932269856992,
    "rms_planar_drift": 0.004100960194045522,
    "mean_abs_planar_speed": 0.007766252023625537,
    "max_abs_planar_speed": 0.019015465872162487,
    "mean_abs_yaw_error": 1.1617755874410287,
    "mean_abs_roll_pitch_rate": 0.020352123659904464,
    "mean_support_deficit": 0.0,
    "mean_contact_foot_speed": 0.020289811869480874,
    "mean_abs_cross_velocity": 0.004936917337968839,
    "mean_abs_yaw_rate": 0.04089255031829164,
    "mean_action_delta": 0.0305653251853073,
    "mean_action_accel": 0.030767768420628273,
    "mean_abs_action": 0.04625711472472176,
    "length": 60,
    "terminated": false
  },
  "episode_seconds": 8.0,
  "episode_seconds_suite": [
    4.0,
    8.0
  ],
  "domain_randomization": false,
  "domain_randomization_strength": 0.25,
  "randomize_reset": false
}
