{
  "primitive": "yaw-left",
  "param_names": [
    "frequency_hz",
    "center_front",
    "center_back_left",
    "center_back_right",
    "amplitude_front",
    "amplitude_back_left",
    "amplitude_back_right",
    "phase_front",
    "phase_back_left",
    "phase_back_right",
    "harmonic_front",
    "harmonic_back_left",
    "harmonic_back_right",
    "heading_kp",
    "yaw_kd",
    "turn_front",
    "turn_back_left",
    "turn_back_right",
    "harmonic_phase_front",
    "harmonic_phase_back_left",
    "harmonic_phase_back_right"
  ],
  "params": {
    "frequency_hz": 1.0073097423931425,
    "center_front": 0.012862613611566848,
    "center_back_left": -0.08022830050908467,
    "center_back_right": -0.053957370852160055,
    "amplitude_front": 0.1384859231569941,
    "amplitude_back_left": 0.18443814370857645,
    "amplitude_back_right": 0.6400963374163331,
    "phase_front": 0.6112948561257299,
    "phase_back_left": 0.6304831686095556,
    "phase_back_right": -2.4730708860733777,
    "harmonic_front": -0.005405675210375235,
    "harmonic_back_left": -0.14022098079386058,
    "harmonic_back_right": -0.033015335964349836,
    "heading_kp": 0.0,
    "yaw_kd": 0.0,
    "turn_front": 0.0,
    "turn_back_left": 0.0,
    "turn_back_right": 0.0,
    "harmonic_phase_front": -0.33598662862298756,
    "harmonic_phase_back_left": -1.9729548171688158,
    "harmonic_phase_back_right": 0.32628009658599844
  },
  "vector": [
    1.0073097423931425,
    0.012862613611566848,
    -0.08022830050908467,
    -0.053957370852160055,
    0.1384859231569941,
    0.18443814370857645,
    0.6400963374163331,
    0.6112948561257299,
    0.6304831686095556,
    -2.4730708860733777,
    -0.005405675210375235,
    -0.14022098079386058,
    -0.033015335964349836,
    0.0,
    0.0,
    0.0,
    0.0,
    0.0,
    -0.33598662862298756,
    -1.9729548171688158,
    0.32628009658599844
  ],
  "result": {
    "score": 1013.914755780143,
    "progress": 1.7308944107056052,
    "x_distance": -0.010204696554681297,
    "y_distance": 0.006390040759021887,
    "cross_track_error": -0.007926468597992647,
    "heading_error": 0.8140797178851846,
    "yaw_distance": 1.7308944107056052,
    "target_yaw_distance": 2.16,
    "yaw_distance_error": -0.4291055892943947,
    "planar_drift": 0.015008777028139528,
    "min_height": 0.05415835742799836,
    "mean_height_warning_deficit": 0.0,
    "max_height_warning_deficit": 0.0,
    "mean_height_deficit": 0.0,
    "max_height_deficit": 0.0,
    "mean_planar_drift": 0.010637120040520285,
    "max_planar_drift": 0.02931771214750608,
    "rms_planar_drift": 0.012470845303271225,
    "yaw_target_fraction": 0.8031719441237691,
    "yaw_gate_pass": true,
    "mean_abs_planar_speed": 0.05668094187849728,
    "max_abs_planar_speed": 0.13692517560845646,
    "mean_abs_yaw_error": 0.910858100115443,
    "mean_abs_roll_pitch_rate": 0.5435818935395218,
    "mean_support_deficit": 0.43125,
    "mean_contact_foot_speed": 0.10251220265975088,
    "mean_abs_cross_velocity": 0.03468040906344076,
    "mean_abs_yaw_rate": 0.3130609403025312,
    "mean_action_delta": 0.14295821501873435,
    "mean_action_accel": 0.11018527119886129,
    "mean_abs_action": 0.20988271149108187,
    "length": 60,
    "terminated": false
  },
  "episode_seconds": 4.0,
  "episode_seconds_suite": [
    4.0,
    8.0
  ],
  "domain_randomization": false,
  "domain_randomization_strength": 0.25,
  "randomize_reset": false,
  "search_space": "yaw_low_drift",
  "yaw_drift_gate": {
    "final_m": 0.04,
    "mean_m": 0.025,
    "max_m": 0.04,
    "min_target_frac": 0.65
  }
}
