{
  "primitive": "yaw-right",
  "checkpoint": "software/movement_v2/runs/rl_primitives/yaw_primitive_20260706_163900/policy_best.pt",
  "env_command_mode": "movement_v2_primitives_quat4imu_action6_cmd1",
  "yaw_command": -1.0,
  "policy_dt": 0.05,
  "policy_hz": 20.0,
  "control_hz": 20.0,
  "episode_seconds": 8.0,
  "actions": [
    [
      -0.008758408948779106,
      0.12442855536937714,
      -0.1027967557311058
    ],
    [
      -0.052771180868148804,
      0.06960316747426987,
      -0.0005292407586239278
    ],
    [
      -0.06829531490802765,
      0.13790877163410187,
      -0.06851354986429214
    ],
    [
      -0.0024321761447936296,
      0.06780420988798141,
      -0.05804898217320442
    ],
    [
      -0.2262597531080246,
      0.18059514462947845,
      0.0437452495098114
    ],
    [
      0.006625370588153601,
      0.16650496423244476,
      -0.17223532497882843
    ],
    [
      -0.17108984291553497,
      0.02439497597515583,
      0.14502012729644775
    ],
    [
      -0.07850050926208496,
      0.30376681685447693,
      -0.2597190737724304
    ],
    [
      0.06438499689102173,
      -0.19533118605613708,
      0.1523178666830063
    ],
    [
      -0.21914750337600708,
      0.22387176752090454,
      -0.04492659494280815
    ],
    [
      0.27368202805519104,
      -0.11484021693468094,
      -0.13728700578212738
    ],
    [
      -0.4094444513320923,
      0.14893357455730438,
      0.26185840368270874
    ],
    [
      0.22079084813594818,
      0.06805847585201263,
      -0.2767390012741089
    ],
    [
      -0.34774887561798096,
      -0.1419031172990799,
      0.4796445369720459
    ],
    [
      0.030156085267663002,
      0.3775642216205597,
      -0.44972628355026245
    ],
    [
      0.0950707420706749,
      -0.19549286365509033,
      0.1237797737121582
    ],
    [
      -0.19566912949085236,
      0.18908601999282837,
      -0.04231150448322296
    ],
    [
      0.3891260027885437,
      -0.36277201771736145,
      0.0017217417480424047
    ],
    [
      -0.22187232971191406,
      0.17781902849674225,
      0.0073237637989223
    ],
    [
      0.2141243815422058,
      -0.16007573902606964,
      0.0004811174876522273
    ],
    [
      -0.30944323539733887,
      -0.07228810340166092,
      0.36054450273513794
    ],
    [
      0.14555247128009796,
      0.3083004653453827,
      -0.47756704688072205
    ],
    [
      -0.16313955187797546,
      -0.09393737465143204,
      0.26500725746154785
    ],
    [
      -0.09652666002511978,
      0.22487328946590424,
      -0.18503281474113464
    ],
    [
      0.36841168999671936,
      -0.3285486102104187,
      -0.056142695248126984
    ],
    [
      -0.19334347546100616,
      0.1962929219007492,
      -0.048136238008737564
    ],
    [
      0.17699067294597626,
      -0.17902080714702606,
      0.06480741500854492
    ],
    [
      -0.28039294481277466,
      0.019142359495162964,
      0.23213891685009003
    ],
    [
      0.13965469598770142,
      0.32266756892204285,
      -0.4804879128932953
    ],
    [
      -0.24637775123119354,
      -0.04251578450202942,
      0.295567125082016
    ],
    [
      -0.05949913710355759,
      0.27789822220802307,
      -0.27146199345588684
    ],
    [
      0.35312655568122864,
      -0.3657723069190979,
      0.002121542114764452
    ],
    [
      -0.3204439878463745,
      0.19575543701648712,
      0.10094107687473297
    ],
    [
      0.22633469104766846,
      -0.09401562064886093,
      -0.08211272954940796
    ],
    [
      -0.3383323848247528,
      0.07752206176519394,
      0.2288670539855957
    ],
    [
      0.08226174861192703,
      0.3901490271091461,
      -0.49345701932907104
    ],
    [
      -0.13863258063793182,
      -0.22077804803848267,
      0.3481403887271881
    ],
    [
      -0.1531011313199997,
      0.3579263985157013,
      -0.28494563698768616
    ],
    [
      0.3593040406703949,
      -0.42208752036094666,
      0.05716461315751076
    ],
    [
      -0.15211352705955505,
      0.2417908012866974,
      -0.1335364580154419
    ],
    [
      0.379868745803833,
      -0.3275683522224426,
      -0.019283924251794815
    ],
    [
      -0.4004412889480591,
      0.09601983428001404,
      0.2876662015914917
    ],
    [
      0.20744527876377106,
      0.015374350361526012,
      -0.23622474074363708
    ],
    [
      -0.33704298734664917,
      0.001465483452193439,
      0.3080543875694275
    ],
    [
      0.12157077342271805,
      0.27193230390548706,
      -0.43125084042549133
    ],
    [
      0.013873657211661339,
      -0.18803323805332184,
      0.17823989689350128
    ],
    [
      -0.17397744953632355,
      0.22498568892478943,
      -0.119929738342762
    ],
    [
      0.18804550170898438,
      -0.2224157452583313,
      0.06747698038816452
    ],
    [
      -0.10914479941129684,
      0.2163436859846115,
      -0.16515709459781647
    ],
    [
      0.2582056522369385,
      -0.19258643686771393,
      -0.03638826310634613
    ],
    [
      -0.366868257522583,
      0.030868807807564735,
      0.335836797952652
    ],
    [
      0.17975062131881714,
      0.15076634287834167,
      -0.3258216083049774
    ],
    [
      -0.3010807931423187,
      -0.05100557208061218,
      0.3271491527557373
    ],
    [
      -0.04090967774391174,
      0.40615928173065186,
      -0.42161473631858826
    ],
    [
      0.34232887625694275,
      -0.35355058312416077,
      0.015726108103990555
    ],
    [
      -0.2932197153568268,
      0.1986701339483261,
      0.0518120639026165
    ],
    [
      0.2443246990442276,
      -0.21438156068325043,
      0.02658885531127453
    ],
    [
      -0.2939228117465973,
      0.22455741465091705,
      0.029590999707579613
    ],
    [
      0.22154131531715393,
      0.12897557020187378,
      -0.3577078580856323
    ],
    [
      -0.38063424825668335,
      -0.04111681133508682,
      0.41806885600090027
    ],
    [
      0.10600383579730988,
      0.25305578112602234,
      -0.39178022742271423
    ],
    [
      -0.07734174281358719,
      -0.2101159691810608,
      0.27224332094192505
    ],
    [
      -0.14006143808364868,
      0.23962797224521637,
      -0.1658068597316742
    ],
    [
      0.24878326058387756,
      -0.17546755075454712,
      -0.061111930757761
    ],
    [
      -0.17200234532356262,
      0.153641477227211,
      -0.04356466233730316
    ],
    [
      0.25927838683128357,
      -0.2501138746738434,
      0.03470019996166229
    ],
    [
      -0.34365618228912354,
      -0.0035223665181547403,
      0.3295307159423828
    ],
    [
      0.09972632676362991,
      0.3046265244483948,
      -0.42447754740715027
    ],
    [
      -0.16329534351825714,
      -0.08326049894094467,
      0.23264092206954956
    ],
    [
      -0.04887787252664566,
      0.33379265666007996,
      -0.3556741178035736
    ],
    [
      0.3478951156139374,
      -0.3870790898799896,
      0.02946045622229576
    ],
    [
      -0.19070449471473694,
      0.22162635624408722,
      -0.06662705540657043
    ],
    [
      0.247686967253685,
      -0.24080023169517517,
      0.04293803498148918
    ],
    [
      -0.3288573920726776,
      0.1590997278690338,
      0.1322321742773056
    ],
    [
      0.16216465830802917,
      0.2012641429901123,
      -0.37970131635665894
    ],
    [
      -0.2990867793560028,
      -0.04273553565144539,
      0.3179272711277008
    ],
    [
      0.02145814150571823,
      0.31467393040657043,
      -0.38926610350608826
    ],
    [
      0.13254250586032867,
      -0.32272738218307495,
      0.17775025963783264
    ],
    [
      -0.23125626146793365,
      0.2369663417339325,
      -0.060676880180835724
    ],
    [
      0.22166451811790466,
      -0.1765585094690323,
      -0.01556604914367199
    ],
    [
      -0.25720036029815674,
      0.23422114551067352,
      -0.03988026827573776
    ],
    [
      0.24069446325302124,
      -0.08314719051122665,
