{
  "primitive": "yaw-left",
  "checkpoint": "software/movement_v2/runs/rl_primitives/yaw_primitive_20260706_163900/policy_best.pt",
  "env_command_mode": "movement_v2_primitives_quat4imu_action6_cmd1",
  "yaw_command": 1.0,
  "policy_dt": 0.05,
  "policy_hz": 20.0,
  "control_hz": 20.0,
  "episode_seconds": 8.0,
  "actions": [
    [
      -0.029335906729102135,
      0.127254918217659,
      -0.04898245632648468
    ],
    [
      -0.02737273834645748,
      0.03657421097159386,
      0.0354243665933609
    ],
    [
      0.013873113319277763,
      0.07016602158546448,
      -0.03574453666806221
    ],
    [
      -0.08275608718395233,
      0.07453208416700363,
      0.050035446882247925
    ],
    [
      0.1287359893321991,
      -0.01643064245581627,
      -0.051992278546094894
    ],
    [
      -0.08684294670820236,
      0.17451933026313782,
      -0.02560785412788391
    ],
    [
      0.09512548893690109,
      -0.032711319625377655,
      -0.014620092697441578
    ],
    [
      -0.013210569508373737,
      0.16743715107440948,
      -0.08195538073778152
    ],
    [
      -0.025489728897809982,
      -0.007102638483047485,
      0.06999646872282028
    ],
    [
      0.16798673570156097,
      0.03359198570251465,
      -0.12622474133968353
    ],
    [
      -0.15968407690525055,
      0.14321386814117432,
      0.06936206668615341
    ],
    [
      0.22748422622680664,
      -0.07991421967744827,
      -0.09248850494623184
    ],
    [
      -0.16732849180698395,
      0.21856562793254852,
      0.014370886608958244
    ],
    [
      0.20194552838802338,
      -0.168583482503891,
      -0.005374286789447069
    ],
    [
      -0.024971431121230125,
      0.26564353704452515,
      -0.14373818039894104
    ],
    [
      -0.036155492067337036,
      -0.055273957550525665,
      0.1290031224489212
    ],
    [
      0.22700805962085724,
      0.10486282408237457,
      -0.22717604041099548
    ],
    [
      -0.34837424755096436,
      0.09319701045751572,
      0.2906683385372162
    ],
    [
      0.30165234208106995,
      -0.11265955865383148,
      -0.13604427874088287
    ],
    [
      -0.2615162432193756,
      0.12674883008003235,
      0.186979740858078
    ],
    [
      0.3581637442111969,
      -0.24418862164020538,
      -0.09815066307783127
    ],
    [
      -0.18676815927028656,
      0.42556673288345337,
      -0.1354232281446457
    ],
    [
      0.13784368336200714,
      -0.25467151403427124,
      0.1613718420267105
    ],
    [
      0.1596701443195343,
      0.2264001965522766,
      -0.25858569145202637
    ],
    [
      -0.2865246534347534,
      -0.025926753878593445,
      0.34635087847709656
    ],
    [
      0.1667821854352951,
      0.1745842844247818,
      -0.19744762778282166
    ],
    [
      -0.38924288749694824,
      0.0012208664556965232,
      0.3984690308570862
    ],
    [
      0.40740498900413513,
      -0.24168114364147186,
      -0.18934114277362823
    ],
    [
      -0.2528073787689209,
      0.21161077916622162,
      0.13602501153945923
    ],
    [
      0.3388884961605072,
      -0.19977021217346191,
      -0.08111675083637238
    ],
    [
      -0.2036246806383133,
      0.3544880449771881,
      -0.022044718265533447
    ],
    [
      0.18335120379924774,
      -0.27763035893440247,
      0.13224707543849945
    ],
    [
      0.03824762627482414,
      0.29161766171455383,
      -0.19204987585544586
    ],
    [
      -0.15681509673595428,
      -0.10207071900367737,
      0.30199456214904785
    ],
    [
      0.19199256598949432,
      0.224808007478714,
      -0.2637041509151459
    ],
    [
      -0.4113149046897888,
      -0.038688696920871735,
      0.4638114273548126
    ],
    [
      0.32110822200775146,
      -0.10471659898757935,
      -0.1566818505525589
    ],
    [
      -0.2829226553440094,
      0.0697338730096817,
      0.2592598497867584
    ],
    [
      0.27762651443481445,
      -0.14709708094596863,
      -0.05551505461335182
    ],
    [
      -0.2909950911998749,
      0.3200884163379669,
      0.10736411064863205
    ],
    [
      0.3013491630554199,
      -0.3092399537563324,
      0.0594039112329483
    ],
    [
      -0.054058149456977844,
      0.2796453535556793,
      -0.09274134039878845
    ],
    [
      0.08991430699825287,
      -0.13498900830745697,
      0.12484083324670792
    ],
    [
      0.10885236412286758,
      0.3500111401081085,
      -0.27656805515289307
    ],
    [
      -0.30164244771003723,
      -0.022549308836460114,
      0.3649841248989105
    ],
    [
      0.29116401076316833,
      -0.016798436641693115,
      -0.15104016661643982
    ],
    [
      -0.27060428261756897,
      -0.047795381397008896,
      0.35588550567626953
    ],
    [
      0.25718778371810913,
      0.00296788546256721,
      -0.14473453164100647
    ],
    [
      -0.3080323338508606,
      0.24393028020858765,
      0.1700555384159088
    ],
    [
      0.364013135433197,
      -0.338204950094223,
      0.041531652212142944
    ],
    [
      -0.17473502457141876,
      0.27669280767440796,
      0.011531873606145382
    ],
    [
      0.2606527805328369,
      -0.24531564116477966,
      0.05908074229955673
    ],
    [
      0.009621131233870983,
      0.42425501346588135,
      -0.2596382796764374
    ],
    [
      -0.2840868830680847,
      -0.0408463329076767,
      0.3718561828136444
    ],
    [
      0.2540884017944336,
      0.09345155209302902,
      -0.21294647455215454
    ],
    [
      -0.3127838671207428,
      -0.07968761026859283,
      0.4039253294467926
    ],
    [
      0.32033902406692505,
      -0.04840324446558952,
      -0.1551312953233719
    ],
    [
      -0.24748612940311432,
      0.18647323548793793,
      0.1438615620136261
    ],
    [
      0.42007768154144287,
      -0.3001440465450287,
      -0.07310838997364044
    ],
    [
      -0.27761128544807434,
      0.2871629595756531,
      0.1248069778084755
    ],
    [
      0.28135165572166443,
      -0.2294824868440628,
      0.01578572764992714
    ],
    [
      -0.01982373185455799,
      0.34287339448928833,
      -0.1641279011964798
    ],
    [
      -0.06330429017543793,
      -0.15459537506103516,
      0.2737007439136505
    ],
    [
      0.17603245377540588,
      0.2745182514190674,
      -0.2742849886417389
    ],
    [
      -0.2762509882450104,
      -0.08325653523206711,
      0.38788583874702454
    ],
    [
      0.17883619666099548,
      0.13898013532161713,
      -0.18123430013656616
    ],
    [
      -0.3851509094238281,
      0.03144197538495064,
      0.3943248987197876
    ],
    [
      0.41886603832244873,
      -0.2682313919067383,
      -0.09315275400876999
    ],
    [
      -0.24916090071201324,
      0.10847249627113342,
      0.23017701506614685
    ],
    [
      0.25146105885505676,
      -0.06125473976135254,
      -0.1025695726275444
    ],
    [
      -0.27415940165519714,
      0.3243859112262726,
      0.09762758016586304
    ],
    [
      0.20008857548236847,
      -0.25162991881370544,
      0.09133045375347137
    ],
    [
      -0.03330039978027344,
      0.23121841251850128,
      -0.0839373916387558
    ],
    [
      0.1809539794921875,
      -0.18469348549842834,
      0.08876053243875504
    ],
    [
      0.11880755424499512,
      0.36570730805397034,
      -0.2967574894428253
    ],
    [
      -0.36292773485183716,
      0.060586974024772644,
      0.35862305760383606
    ],
    [
      0.2732884883880615,
      -0.036395225673913956,
      -0.13274866342544556
    ],
    [
      -0.2812042832374573,
      -0.11495033651590347,
      0.40371885895729065
    ],
    [
      0.33190399408340454,
      -0.09635710716247559,
      -0.13442018628120422
    ],
    [
      -0.18108515441417694,
      0.34468504786491394,
      -0.06483613699674606
    ],
    [
      0.27793434262275696,
      -0.2124408781528473,
      0.016235925257205963
    ],
    [
      -0.25072285532951355,
      0.2699267268180847,
