{
  "primitive": "backward",
  "source": "rear-leg swap of movement_v2 forward CPG seed",
  "source_params": "software/movement_v2/runs/translation_20260706_154822/forward/best_params.json",
  "param_names": [
    "frequency_hz",
    "center_front",
    "center_back_left",
    "center_back_right",
    "amplitude_front",
    "amplitude_back_left",
    "amplitude_back_right",
    "phase_front",
    "phase_back_left",
    "phase_back_right",
    "harmonic_front",
    "harmonic_back_left",
    "harmonic_back_right",
    "heading_kp",
    "yaw_kd",
    "turn_front",
    "turn_back_left",
    "turn_back_right",
    "harmonic_phase_front",
    "harmonic_phase_back_left",
    "harmonic_phase_back_right"
  ],
  "params": {
    "frequency_hz": 0.7939958117292895,
    "center_front": -0.14437831440552362,
    "center_back_left": 0.009274633928825956,
    "center_back_right": -0.10675305926145033,
    "amplitude_front": 0.35748807743073535,
    "amplitude_back_left": 0.1889636982751266,
    "amplitude_back_right": 0.057738819958632295,
    "phase_front": 1.4438007403604045,
    "phase_back_left": -1.706592006303453,
    "phase_back_right": 1.1286204556912436,
    "harmonic_front": 0.04285699084040365,
    "harmonic_back_left": 0.0065982065452603374,
    "harmonic_back_right": 0.001733996000486673,
    "heading_kp": 0.24561885878499723,
    "yaw_kd": 0.06989476501552415,
    "turn_front": -0.31218409335267616,
    "turn_back_left": -0.7626571287123376,
    "turn_back_right": 0.5556536666337594,
    "harmonic_phase_front": 1.1730585316793753,
    "harmonic_phase_back_left": 0.2644583745297062,
    "harmonic_phase_back_right": 0.16871671798830512
  },
  "vector": [
    0.7939958117292895,
    -0.14437831440552362,
    0.009274633928825956,
    -0.10675305926145033,
    0.35748807743073535,
    0.1889636982751266,
    0.057738819958632295,
    1.4438007403604045,
    -1.706592006303453,
    1.1286204556912436,
    0.04285699084040365,
    0.0065982065452603374,
    0.001733996000486673,
    0.24561885878499723,
    0.06989476501552415,
    -0.31218409335267616,
    -0.7626571287123376,
    0.5556536666337594,
    1.1730585316793753,
    0.2644583745297062,
    0.16871671798830512
  ]
}
