{
  "primitive": "yaw-left",
  "checkpoint": "software/movement_v2/runs/rl_primitives/yaw_primitive_20260706_174051/policy_best.pt",
  "env_command_mode": "movement_v2_primitives_quat4imu_action6_cmd1",
  "yaw_command": 1.0,
  "policy_dt": 0.1,
  "policy_hz": 10.0,
  "control_hz": 10.0,
  "episode_seconds": 8.0,
  "actions": [
    [
      -0.11797012388706207,
      0.21338945627212524,
      -0.09241840243339539
    ],
    [
      -0.05788468196988106,
      -0.0005187587230466306,
      0.04151962324976921
    ],
    [
      -0.0036892415955662727,
      0.10365236550569534,
      -0.10867547988891602
    ],
    [
      -0.1400132179260254,
      0.0727146789431572,
      0.055138032883405685
    ],
    [
      0.18968744575977325,
      -0.03676625341176987,
      -0.14502732455730438
    ],
    [
      -0.1642303615808487,
      0.24545902013778687,
      -0.04539236053824425
    ],
    [
      0.14131566882133484,
      -0.10938184708356857,
      -0.06529882550239563
    ],
    [
      -0.03384285047650337,
      0.2585567235946655,
      -0.16432513296604156
    ],
    [
      -0.07913195341825485,
      -0.031350769102573395,
      0.07690948992967606
    ],
    [
      0.22690176963806152,
      0.05206645652651787,
      -0.22692543268203735
    ],
    [
      -0.2574812173843384,
      0.16461393237113953,
      0.10208772867918015
    ],
    [
      0.27331051230430603,
      -0.13933046162128448,
      -0.14658606052398682
    ],
    [
      -0.15767666697502136,
      0.2578454911708832,
      -0.042508579790592194
    ],
    [
      0.17398904263973236,
      -0.19533281028270721,
      -0.030972920358181
    ],
    [
      0.02705281786620617,
      0.3150058388710022,
      -0.23479801416397095
    ],
    [
      -0.18232199549674988,
      0.0042729368433356285,
      0.1545398235321045
    ],
    [
      0.2694088816642761,
      0.01856415905058384,
      -0.23821039497852325
    ],
    [
      -0.3139626979827881,
      0.07145971804857254,
      0.25122323632240295
    ],
    [
      0.23337368667125702,
      -0.08808212727308273,
      -0.16161413490772247
    ],
    [
      -0.16760952770709991,
      0.17579472064971924,
      0.05203462764620781
    ],
    [
      0.2285168617963791,
      -0.15438386797904968,
      -0.12915822863578796
    ],
    [
      -0.10947100818157196,
      0.28595495223999023,
      -0.06649378687143326
    ],
    [
      0.03638707846403122,
      -0.11485522240400314,
      0.0560898594558239
    ],
    [
      0.09765828400850296,
      0.1369258463382721,
      -0.15887446701526642
    ],
    [
      -0.15885287523269653,
      0.01372353546321392,
      0.1326623558998108
    ],
    [
      0.14999493956565857,
      0.08810924738645554,
      -0.1790771335363388
    ],
    [
      -0.24696113169193268,
      0.06609217077493668,
      0.19470645487308502
    ],
    [
      0.20120705664157867,
      -0.12475837767124176,
      -0.1010790765285492
    ],
    [
      -0.15949243307113647,
      0.18664756417274475,
      0.029633240774273872
    ],
    [
      0.17600730061531067,
      -0.12904618680477142,
      -0.060273461043834686
    ],
    [
      -0.06379092484712601,
      0.2780224680900574,
      -0.12527456879615784
    ],
    [
      -0.061017028987407684,
      -0.043191876262426376,
      0.08361789584159851
    ],
    [
      0.10860543698072433,
      0.08855944871902466,
      -0.1323264092206955
    ],
    [
      -0.13238391280174255,
      -0.0011557680554687977,
      0.12470517307519913
    ],
    [
      0.16773200035095215,
      0.036991849541664124,
      -0.15482452511787415
    ],
    [
      -0.18282434344291687,
      0.1333714872598648,
      0.08262360095977783
    ],
    [
      0.15011702477931976,
      -0.09979008138179779,
      -0.0547717846930027
    ],
    [
      -0.12434182316064835,
      0.16630986332893372,
      0.010264297015964985
    ],
    [
      0.11112286895513535,
      -0.12759998440742493,
      0.005134261678904295
    ],
    [
      0.00403569033369422,
      0.22915656864643097,
      -0.15038016438484192
    ],
    [
      -0.1124223917722702,
      -0.011871172115206718,
      0.11709961295127869
    ],
    [
      0.10526192933320999,
      0.11621501296758652,
      -0.16181686520576477
    ],
    [
      -0.20137786865234375,
      -0.007080858573317528,
      0.20238511264324188
    ],
    [
      0.14351025223731995,
      0.0029856725595891476,
      -0.11942748725414276
    ],
    [
      -0.19532033801078796,
      0.11859130859375,
      0.11046286672353745
    ],
    [
      0.19364440441131592,
      -0.11463805288076401,
      -0.08191373944282532
    ],
    [
      -0.15739770233631134,
      0.2203730046749115,
      -0.0005890502943657339
    ],
    [
      0.08647361397743225,
      -0.10578633099794388,
      0.004460446536540985
    ],
    [
      -0.003871316323056817,
      0.2014787346124649,
      -0.12074925005435944
    ],
    [
      -0.05123024433851242,
      -0.07167758792638779,
      0.10793299227952957
    ],
    [
      0.11856836825609207,
      0.15320460498332977,
      -0.19360040128231049
    ],
    [
      -0.1934565305709839,
      0.030667560175061226,
      0.16452567279338837
    ],
    [
      0.12617263197898865,
      0.02672714740037918,
      -0.11929236352443695
    ],
    [
      -0.21874026954174042,
      0.06974576413631439,
      0.16719263792037964
    ],
    [
      0.21807822585105896,
      -0.1390925943851471,
      -0.08445598185062408
    ],
    [
      -0.11875397711992264,
      0.2245495319366455,
      -0.045974165201187134
    ],
    [
      0.08928640186786652,
      -0.08135117590427399,
      -0.011180747300386429
    ],
    [
      -0.03473972529172897,
      0.24146293103694916,
      -0.13084466755390167
    ],
    [
      -0.06673569977283478,
      -0.10669298470020294,
      0.14974050223827362
    ],
    [
      0.13236279785633087,
      0.10094291716814041,
      -0.16202758252620697
    ],
    [
      -0.1598764806985855,
      0.01731177605688572,
      0.14038467407226562
    ],
    [
      0.10828759521245956,
      0.09022112190723419,
      -0.14809057116508484
    ],
    [
      -0.24479402601718903,
      0.09315244853496552,
      0.16762253642082214
    ],
    [
      0.1860094964504242,
      -0.16157814860343933,
      -0.04032772779464722
    ],
    [
      -0.1336759328842163,
      0.16451439261436462,
      0.014255533926188946
    ],
    [
      0.13624513149261475,
      -0.09224651753902435,
      -0.04643160477280617
    ],
    [
      -0.027098217979073524,
      0.25344163179397583,
      -0.14603310823440552
    ],
    [
      -0.11767488718032837,
      -0.04253094643354416,
      0.14054018259048462
    ],
    [
      0.08957218378782272,
      0.0755930244922638,
      -0.11384183913469315
    ],
    [
      -0.097202830016613,
      -0.04564733803272247,
      0.12607379257678986
    ],
    [
      0.11528094112873077,
      0.07173338532447815,
      -0.13596560060977936
    ],
    [
      -0.19073010981082916,
      0.14128875732421875,
      0.07354503870010376
    ],
    [
      0.13023293018341064,
      -0.09538032859563828,
      -0.03776703029870987
    ],
    [
      -0.13990415632724762,
      0.10487009584903717,
      0.06543730944395065
    ],
    [
      0.12293767184019089,
      -0.10675167292356491,
      -0.02681685797870159
    ],
    [
      0.026681726798415184,
      0.19030505418777466,
      -0.14641137421131134
    ],
    [
      -0.0812240019440651,
      -0.008510075509548187,
      0.08429954946041107
    ],
    [
      0.010967754758894444,
      0.1254461109638214,
      -0.08851787447929382
    ],
    [
      -0.10040781646966934,
      -0.04496071860194206,
      0.12280340492725372
    ],
    [
      0.12451974302530289,
      -0.007640709634870291,
      -0.08981911092996597
    ]
  ],
  "final_info": {
    "line_distance": 0.0,
    "yaw_distance": 1.6363231811407615,