{
  "primitive": "yaw-right",
  "checkpoint": "software/movement_v2/runs/rl_primitives/yaw_primitive_20260706_174051/policy_best.pt",
  "env_command_mode": "movement_v2_primitives_quat4imu_action6_cmd1",
  "yaw_command": -1.0,
  "policy_dt": 0.1,
  "policy_hz": 10.0,
  "control_hz": 10.0,
  "episode_seconds": 8.0,
  "actions": [
    [
      0.02755865640938282,
      0.18482482433319092,
      -0.17725947499275208
    ],
    [
      -0.0480404868721962,
      0.08623667061328888,
      0.014230437576770782
    ],
    [
      -0.09607094526290894,
      0.21571679413318634,
      -0.10433391481637955
    ],
    [
      0.10075665265321732,
      0.05328783392906189,
      -0.11641089618206024
    ],
    [
      -0.36949554085731506,
      0.2551281750202179,
      0.14652718603610992
    ],
    [
      0.02657724730670452,
      0.2746964693069458,
      -0.31541764736175537
    ],
    [
      -0.06403739005327225,
      -0.0942702516913414,
      0.2075309306383133
    ],
    [
      -0.19569844007492065,
      0.3888881206512451,
      -0.26887381076812744
    ],
    [
      0.32734909653663635,
      -0.17806805670261383,
      -0.08929084241390228
    ],
    [
      -0.480821818113327,
      0.19246405363082886,
      0.3015819191932678
    ],
    [
      0.17244510352611542,
      0.12778063118457794,
      -0.29884618520736694
    ],
    [
      -0.35484611988067627,
      -0.10684070736169815,
      0.49349725246429443
    ],
    [
      -0.06209856644272804,
      0.5394641757011414,
      -0.5855891108512878
    ],
    [
      0.5069149136543274,
      -0.3797883987426758,
      -0.07251860201358795
    ],
    [
      -0.3889382779598236,
      0.10427968949079514,
      0.2681374251842499
    ],
    [
      0.14222893118858337,
      -0.03875745087862015,
      -0.05100385472178459
    ],
    [
      -0.4866148829460144,
      0.12016412615776062,
      0.3662165403366089
    ],
    [
      0.07306226342916489,
      0.5401149392127991,
      -0.6781309247016907
    ],
    [
      0.49195370078086853,
      -0.3694106340408325,
      -0.05417658016085625
    ],
    [
      -0.31782376766204834,
      0.13044507801532745,
      0.1980912983417511
    ],
    [
      0.12794500589370728,
      0.04936220124363899,
      -0.11643367260694504
    ],
    [
      -0.4831136167049408,
      0.2213546484708786,
      0.2544792890548706
    ],
    [
      0.13071992993354797,
      0.5402201414108276,
      -0.687800407409668
    ],
    [
      0.4509294927120209,
      -0.34922266006469727,
      -0.02051757648587227
    ],
    [
      -0.3336940109729767,
      0.18609152734279633,
      0.15477301180362701
    ],
    [
      0.1502991020679474,
      0.06901180744171143,
      -0.15267139673233032
    ],
    [
      -0.4864071011543274,
      0.23988190293312073,
      0.23161129653453827
    ],
    [
      0.13735471665859222,
      0.5318028330802917,
      -0.6783186197280884
    ],
    [
      0.41186821460723877,
      -0.36327922344207764,
      0.04634316638112068
    ],
    [
      -0.3371254801750183,
      0.20298659801483154,
      0.12103855609893799
    ],
    [
      0.1570441722869873,
      0.05494442582130432,
      -0.14567483961582184
    ],
    [
      -0.5275986194610596,
      0.23789085447788239,
      0.2897266447544098
    ],
    [
      0.08706044405698776,
      0.596348226070404,
      -0.7095494866371155
    ],
    [
      0.49736452102661133,
      -0.4661293625831604,
      0.04347340017557144
    ],
    [
      -0.36140498518943787,
      0.21492882072925568,
      0.1468013972043991
    ],
    [
      0.1475243717432022,
      0.030877208337187767,
      -0.11899786442518234
    ],
    [
      -0.4627108573913574,
      0.39369696378707886,
      0.015632599592208862
    ],
    [
      0.2425266057252884,
      0.3686353862285614,
      -0.597542941570282
    ],
    [
      0.20589394867420197,
      -0.3746210038661957,
      0.2579342722892761
    ],
    [
      -0.09729819744825363,
      0.2838501036167145,
      -0.2523249685764313
    ],
    [
      -0.03993891179561615,
      -0.0964488610625267,
      0.203272745013237
    ],
    [
      -0.08207528293132782,
      0.3317490816116333,
      -0.32876408100128174
    ],
    [
      0.43962931632995605,
      -0.12496168911457062,
      -0.3065603971481323
    ],
    [
      -0.45646148920059204,
      0.1321953386068344,
      0.37253159284591675
    ],
    [
      0.08733243495225906,
      0.023573124781250954,
      -0.12691156566143036
    ],
    [
      -0.21047547459602356,
      -0.039787352085113525,
      0.26041439175605774
    ],
    [
      -0.06301547586917877,
      0.6151046752929688,
      -0.6491729617118835
    ],
    [
      0.48377111554145813,
      -0.41274940967559814,
      0.00014828145503997803
    ],
    [
      -0.3084696829319,
      0.18948163092136383,
      0.12420202791690826
    ],
    [
      0.3001447319984436,
      -0.26085910201072693,
      0.020692069083452225
    ],
    [
      -0.4133792519569397,
      0.26083827018737793,
      0.1319281905889511
    ],
    [
      0.11523472517728806,
      0.3472484350204468,
      -0.5081926584243774
    ],
    [
      0.1666988581418991,
      -0.2994941174983978,
      0.2160748392343521
    ],
    [
      -0.1354522556066513,
      0.29203444719314575,
      -0.2391740083694458
    ],
    [
      0.1141098365187645,
      -0.234147310256958,
      0.18575333058834076
    ],
    [
      -0.07430654019117355,
      0.35687685012817383,
      -0.33831918239593506
    ],
    [
      0.4207112491130829,
      -0.20329587161540985,
      -0.18284133076667786
    ],
    [
      -0.4003908932209015,
      0.1529344618320465,
      0.2870270907878876
    ],
    [
      0.16252531111240387,
      -0.11883662641048431,
      -0.04732397943735123
    ],
    [
      -0.29297906160354614,
      0.1319059282541275,
      0.17324060201644897
    ],
    [
      -0.04596218094229698,
      0.5298770070075989,
      -0.5813762545585632
    ],
    [
      0.3429287374019623,
      -0.35555416345596313,
      0.09232722967863083
    ],
    [
      -0.1861831545829773,
      0.21339647471904755,
      -0.07524911314249039
    ],
    [
      0.2457355409860611,
      -0.2541769742965698,
      0.08638034760951996
    ],
    [
      -0.32413288950920105,
      0.3337116837501526,
      -0.045566730201244354
    ],
    [
      0.24689964950084686,
      0.03893706202507019,
      -0.2816402316093445
    ],
    [
      -0.21318410336971283,
      -0.02234385348856449,
      0.27031031250953674
    ],
    [
      0.06049627438187599,
      0.22569458186626434,
      -0.33955806493759155
    ],
    [
      -0.12616826593875885,
      -0.16090984642505646,
      0.34730106592178345
    ],
    [
      -0.18083404004573822,
      0.3958296775817871,
      -0.34176427125930786
    ],
    [
      0.4736746549606323,
      -0.30876100063323975,
      -0.13789352774620056
    ],
    [
      -0.3355777859687805,
      0.1276393085718155,
      0.20425209403038025
    ],
    [
      0.19542594254016876,
      -0.12239445000886917,
      -0.0261595007032156
    ],
    [
      -0.43027278780937195,
      -0.004247823264449835,
      0.4494885802268982
    ],
    [
      -0.006059169303625822,
      0.5324400663375854,
      -0.6301199197769165
    ],
    [
      0.3855055272579193,
      -0.3198789656162262,
      0.01377940084785223
    ],
    [
      -0.2537131607532501,
      0.18905603885650635,
      0.03532736748456955
    ],
    [
      0.30372154712677,
      -0.21645398437976837,
      -0.02680753730237484
    ],
    [
      -0.37664610147476196,
      0.25657403469085693,
      0.09294232726097107
    ],
    [
      0.14050908386707306,
      0.3082617521286011,
      -0.4693709909915924
    ]
  ],
  "final_info": {
    "line_distance": 0.0,
    "yaw_distance": 0.5060835802025316,
    "x_distance": 0.10283778443606606,
    "y_distance": 0.05111543936905844,
    "planar_speed": 0.14876639966083977,