{
  "primitive": "yaw-left",
  "param_names": [
    "frequency_hz",
    "center_front",
    "center_back_left",
    "center_back_right",
    "amplitude_front",
    "amplitude_back_left",
    "amplitude_back_right",
    "phase_front",
    "phase_back_left",
    "phase_back_right",
    "harmonic_front",
    "harmonic_back_left",
    "harmonic_back_right",
    "heading_kp",
    "yaw_kd",
    "turn_front",
    "turn_back_left",
    "turn_back_right",
    "harmonic_phase_front",
    "harmonic_phase_back_left",
    "harmonic_phase_back_right"
  ],
  "params": {
    "frequency_hz": 1.595595420819485,
    "center_front": -0.07683773547118608,
    "center_back_left": -0.26468192934436596,
    "center_back_right": -0.018801335302143674,
    "amplitude_front": 0.2349085007074629,
    "amplitude_back_left": 0.07138518054585721,
    "amplitude_back_right": 0.10658672071756005,
    "phase_front": -0.9555738173822981,
    "phase_back_left": 1.6347726756913712,
    "phase_back_right": -3.141592653589793,
    "harmonic_front": 0.058779335471632235,
    "harmonic_back_left": -0.04570057150827227,
    "harmonic_back_right": 0.04220311090602803,
    "heading_kp": 0.0,
    "yaw_kd": 0.0138611556212677,
    "turn_front": 0.35920513105785384,
    "turn_back_left": -0.13867702612935046,
    "turn_back_right": 0.3753413067747079,
    "harmonic_phase_front": -1.8061686963189096,
    "harmonic_phase_back_left": 0.4627151007638872,
    "harmonic_phase_back_right": -2.2761910852809772
  },
  "vector": [
    1.595595420819485,
    -0.07683773547118608,
    -0.26468192934436596,
    -0.018801335302143674,
    0.2349085007074629,
    0.07138518054585721,
    0.10658672071756005,
    -0.9555738173822981,
    1.6347726756913712,
    -3.141592653589793,
    0.058779335471632235,
    -0.04570057150827227,
    0.04220311090602803,
    0.0,
    0.0138611556212677,
    0.35920513105785384,
    -0.13867702612935046,
    0.3753413067747079,
    -1.8061686963189096,
    0.4627151007638872,
    -2.2761910852809772
  ],
  "result": {
    "score": -92.15399938640209,
    "progress": 0.9803616701634823,
    "x_distance": -0.030282910272834716,
    "y_distance": -0.017863865492809973,
    "cross_track_error": 0.004677013518739674,
    "heading_error": 0.0635469773430617,
    "yaw_distance": 0.9803616701634823,
    "target_yaw_distance": 1.44,
    "yaw_distance_error": -0.45963832983651765,
    "planar_drift": 0.03565932497074317,
    "min_height": 0.07883354052613756,
    "mean_height_warning_deficit": 0.0,
    "max_height_warning_deficit": 0.0,
    "mean_height_deficit": 0.0,
    "max_height_deficit": 0.0,
    "mean_planar_drift": 0.015031226924586832,
    "max_planar_drift": 0.03671060440632246,
    "rms_planar_drift": 0.018181112355288912,
    "mean_abs_planar_speed": 0.044298764624781536,
    "max_abs_planar_speed": 0.16297090741307926,
    "mean_abs_yaw_error": 1.035818929967905,
    "mean_abs_roll_pitch_rate": 0.3273633423552383,
    "mean_support_deficit": 0.04375,
    "mean_contact_foot_speed": 0.08911921921523688,
    "mean_abs_cross_velocity": 0.027473378415170342,
    "mean_abs_yaw_rate": 0.21271702142210341,
    "mean_action_delta": 0.09422409737017005,
    "mean_action_accel": 0.11681494450895116,
    "mean_abs_action": 0.16912982091307638,
    "length": 60,
    "terminated": false
  },
  "episode_seconds": 8.0,
  "episode_seconds_suite": [
    4.0,
    8.0
  ],
  "domain_randomization": false,
  "domain_randomization_strength": 0.25,
  "randomize_reset": false
}
