{
  "primitive": "yaw-right",
  "param_names": [
    "frequency_hz",
    "center_front",
    "center_back_left",
    "center_back_right",
    "amplitude_front",
    "amplitude_back_left",
    "amplitude_back_right",
    "phase_front",
    "phase_back_left",
    "phase_back_right",
    "harmonic_front",
    "harmonic_back_left",
    "harmonic_back_right",
    "heading_kp",
    "yaw_kd",
    "turn_front",
    "turn_back_left",
    "turn_back_right",
    "harmonic_phase_front",
    "harmonic_phase_back_left",
    "harmonic_phase_back_right"
  ],
  "params": {
    "frequency_hz": 0.4914528998667803,
    "center_front": 0.013416705895341177,
    "center_back_left": 0.0076454150290436035,
    "center_back_right": -0.0037469050520416956,
    "amplitude_front": 0.02,
    "amplitude_back_left": 0.02809239255643893,
    "amplitude_back_right": 0.03426079363729422,
    "phase_front": 0.34445776101047976,
    "phase_back_left": 1.5564494667475595,
    "phase_back_right": -3.1384548796950296,
    "harmonic_front": -0.0008312044673816372,
    "harmonic_back_left": -0.005077716926776176,
    "harmonic_back_right": 0.006174230523273624,
    "heading_kp": 0.13311916751252048,
    "yaw_kd": 0.03160968415021023,
    "turn_front": 0.09593567869614833,
    "turn_back_left": -0.0004969590402688073,
    "turn_back_right": 0.27685913833487863,
    "harmonic_phase_front": -0.3065042419821826,
    "harmonic_phase_back_left": 0.822039110916081,
    "harmonic_phase_back_right": -2.5969117457610142
  },
  "vector": [
    0.4914528998667803,
    0.013416705895341177,
    0.0076454150290436035,
    -0.0037469050520416956,
    0.02,
    0.02809239255643893,
    0.03426079363729422,
    0.34445776101047976,
    1.5564494667475595,
    -3.1384548796950296,
    -0.0008312044673816372,
    -0.005077716926776176,
    0.006174230523273624,
    0.13311916751252048,
    0.03160968415021023,
    0.09593567869614833,
    -0.0004969590402688073,
    0.27685913833487863,
    -0.3065042419821826,
    0.822039110916081,
    -2.5969117457610142
  ],
  "result": {
    "score": -508.7367467503486,
    "progress": 0.0029355347626456307,
    "x_distance": -0.00042123912231613076,
    "y_distance": 0.0004774148022994142,
    "cross_track_error": -3.4299010161252216e-05,
    "heading_error": -2.227713495532017,
    "yaw_distance": 0.0029355347626456307,
    "target_yaw_distance": 2.2800000000000002,
    "yaw_distance_error": -2.2770644652373546,
    "planar_drift": 0.0006368794030656857,
    "min_height": 0.06361301664593041,
    "mean_height_warning_deficit": 0.0,
    "max_height_warning_deficit": 0.0,
    "mean_height_deficit": 0.0,
    "max_height_deficit": 0.0,
    "mean_planar_drift": 0.00048218225565409365,
    "max_planar_drift": 0.0007280946901815203,
    "rms_planar_drift": 0.0005163972918438989,
    "mean_abs_planar_speed": 0.0013991904399682082,
    "max_abs_planar_speed": 0.004918540338396925,
    "mean_abs_yaw_error": 1.199462848613021,
    "mean_abs_roll_pitch_rate": 0.002516385789567721,
    "mean_support_deficit": 0.0,
    "mean_contact_foot_speed": 0.0036663663146266935,
    "mean_abs_cross_velocity": 0.0009086913843631307,
    "mean_abs_yaw_rate": 0.0031744479320518493,
    "mean_action_delta": 0.0057615486992290245,
    "mean_action_accel": 0.0025440773235459345,
    "mean_abs_action": 0.018730941458488814,
    "length": 60,
    "terminated": false
  },
  "episode_seconds": 8.0,
  "episode_seconds_suite": [
    4.0,
    8.0
  ],
  "domain_randomization": false,
  "domain_randomization_strength": 0.25,
  "randomize_reset": false
}
