{
  "primitive": "yaw-left",
  "param_names": [
    "frequency_hz",
    "center_front",
    "center_back_left",
    "center_back_right",
    "amplitude_front",
    "amplitude_back_left",
    "amplitude_back_right",
    "phase_front",
    "phase_back_left",
    "phase_back_right",
    "harmonic_front",
    "harmonic_back_left",
    "harmonic_back_right",
    "heading_kp",
    "yaw_kd",
    "turn_front",
    "turn_back_left",
    "turn_back_right",
    "harmonic_phase_front",
    "harmonic_phase_back_left",
    "harmonic_phase_back_right"
  ],
  "params": {
    "frequency_hz": 1.0530708554718646,
    "center_front": 0.05629436439640422,
    "center_back_left": 0.009438432966173277,
    "center_back_right": 0.19601206168757784,
    "amplitude_front": 0.02,
    "amplitude_back_left": 0.17789741554220143,
    "amplitude_back_right": 0.06332384230603309,
    "phase_front": 0.8225644061700468,
    "phase_back_left": -0.16264403043145848,
    "phase_back_right": -2.479234977808922,
    "harmonic_front": -0.04193035113043779,
    "harmonic_back_left": 0.03326705665480485,
    "harmonic_back_right": -0.1565791996027326,
    "heading_kp": 0.27502978966754144,
    "yaw_kd": 0.103807689342128,
    "turn_front": -0.7780328912361202,
    "turn_back_left": 0.6205883520972807,
    "turn_back_right": -0.4022972646282327,
    "harmonic_phase_front": -0.3329427823945448,
    "harmonic_phase_back_left": -0.25534259895747624,
    "harmonic_phase_back_right": 0.7695647335157623
  },
  "vector": [
    1.0530708554718646,
    0.05629436439640422,
    0.009438432966173277,
    0.19601206168757784,
    0.02,
    0.17789741554220143,
    0.06332384230603309,
    0.8225644061700468,
    -0.16264403043145848,
    -2.479234977808922,
    -0.04193035113043779,
    0.03326705665480485,
    -0.1565791996027326,
    0.27502978966754144,
    0.103807689342128,
    -0.7780328912361202,
    0.6205883520972807,
    -0.4022972646282327,
    -0.3329427823945448,
    -0.25534259895747624,
    0.7695647335157623
  ],
  "result": {
    "score": -801.6710619692262,
    "progress": -0.011793650256160415,
    "x_distance": -0.0012423923235524955,
    "y_distance": -0.0005249639783311973,
    "cross_track_error": -0.00025444202058717277,
    "heading_error": -0.2517936502561602,
    "yaw_distance": -0.011793650256160415,
    "target_yaw_distance": 0.24,
    "yaw_distance_error": -0.2517936502561604,
    "planar_drift": 0.0013487497411185986,
    "min_height": 0.03337548651448893,
    "mean_height_warning_deficit": 0.004541692657274218,
    "max_height_warning_deficit": 0.01662451348551107,
    "mean_height_deficit": 0.00040612837137776747,
    "max_height_deficit": 0.0016245134855110699,
    "mean_planar_drift": 0.0010857073287215855,
    "max_planar_drift": 0.0013487497411185986,
    "rms_planar_drift": 0.001109163981459074,
    "mean_abs_planar_speed": 0.01832239308867519,
    "max_abs_planar_speed": 0.03407269601704386,
    "mean_abs_yaw_error": 1.258968251280802,
    "mean_abs_roll_pitch_rate": 0.3575262054800987,
    "mean_support_deficit": 0.0,
    "mean_contact_foot_speed": 0.052149253424445326,
    "mean_abs_cross_velocity": 0.010241221034587265,
    "mean_abs_yaw_rate": 0.058968251280802075,
    "mean_action_delta": 0.049173315055668354,
    "mean_action_accel": 0.02986479178071022,
    "mean_abs_action": 0.09304676670581102,
    "length": 4,
    "terminated": true
  },
  "episode_seconds": 8.0,
  "episode_seconds_suite": [
    4.0,
    8.0
  ],
  "domain_randomization": false,
  "domain_randomization_strength": 0.25,
  "randomize_reset": false
}
