{
  "primitive": "backward",
  "param_names": [
    "frequency_hz",
    "center_front",
    "center_back_left",
    "center_back_right",
    "amplitude_front",
    "amplitude_back_left",
    "amplitude_back_right",
    "phase_front",
    "phase_back_left",
    "phase_back_right",
    "harmonic_front",
    "harmonic_back_left",
    "harmonic_back_right",
    "heading_kp",
    "yaw_kd",
    "turn_front",
    "turn_back_left",
    "turn_back_right"
  ],
  "params": {
    "frequency_hz": 1.3555238669815903,
    "center_front": -0.18554650800616934,
    "center_back_left": -0.1645000693130906,
    "center_back_right": -0.3282889398016761,
    "amplitude_front": 0.7408069258851075,
    "amplitude_back_left": 0.24530845062864481,
    "amplitude_back_right": 0.02,
    "phase_front": 1.0682653186732187,
    "phase_back_left": -3.141592653589793,
    "phase_back_right": 1.7289242038226567,
    "harmonic_front": -0.08054362471177973,
    "harmonic_back_left": -0.19086158550828486,
    "harmonic_back_right": 0.18086620000274087,
    "heading_kp": 0.0,
    "yaw_kd": 0.05140631434389029,
    "turn_front": 0.12454148935977932,
    "turn_back_left": -0.09080784194677093,
    "turn_back_right": -0.055692373701707584
  },
  "vector": [
    1.3555238669815903,
    -0.18554650800616934,
    -0.1645000693130906,
    -0.3282889398016761,
    0.7408069258851075,
    0.24530845062864481,
    0.02,
    1.0682653186732187,
    -3.141592653589793,
    1.7289242038226567,
    -0.08054362471177973,
    -0.19086158550828486,
    0.18086620000274087,
    0.0,
    0.05140631434389029,
    0.12454148935977932,
    -0.09080784194677093,
    -0.055692373701707584
  ],
  "result": {
    "score": 221.04175366665945,
    "progress": 0.6787089445889585,
    "x_distance": -0.6787089445889585,
    "y_distance": -0.018228542834609965,
    "cross_track_error": -0.018228542834609965,
    "heading_error": 0.4447133489624555,
    "yaw_distance": 0.0,
    "planar_drift": 0.6789536885818731,
    "mean_abs_cross_velocity": 0.09754251307601339,
    "mean_abs_yaw_rate": 0.6758588633011096,
    "mean_action_delta": 0.05716221386101097,
    "mean_action_accel": 0.01705344921501819,
    "mean_abs_action": 0.3494414499774575,
    "length": 200,
    "terminated": false
  },
  "episode_seconds": 4.0,
  "domain_randomization": false,
  "domain_randomization_strength": 0.25,
  "randomize_reset": false
}
