{
  "primitive": "forward",
  "param_names": [
    "frequency_hz",
    "center_front",
    "center_back_left",
    "center_back_right",
    "amplitude_front",
    "amplitude_back_left",
    "amplitude_back_right",
    "phase_front",
    "phase_back_left",
    "phase_back_right",
    "harmonic_front",
    "harmonic_back_left",
    "harmonic_back_right",
    "heading_kp",
    "yaw_kd",
    "turn_front",
    "turn_back_left",
    "turn_back_right"
  ],
  "params": {
    "frequency_hz": 1.5118812802336477,
    "center_front": -0.1574026042938002,
    "center_back_left": -0.06961545746561448,
    "center_back_right": -0.20913668448945583,
    "amplitude_front": 0.746472480227973,
    "amplitude_back_left": 0.14148244170342758,
    "amplitude_back_right": 0.04731358542903587,
    "phase_front": -2.075242785615897,
    "phase_back_left": 0.328822556571962,
    "phase_back_right": -0.8791470410915956,
    "harmonic_front": 0.14506351125700492,
    "harmonic_back_left": 0.1516879570130305,
    "harmonic_back_right": -0.06759459276303598,
    "heading_kp": 0.0,
    "yaw_kd": 0.03192661386514834,
    "turn_front": 0.17227092073679198,
    "turn_back_left": 0.06753673796976535,
    "turn_back_right": -0.17910413264303568
  },
  "vector": [
    1.5118812802336477,
    -0.1574026042938002,
    -0.06961545746561448,
    -0.20913668448945583,
    0.746472480227973,
    0.14148244170342758,
    0.04731358542903587,
    -2.075242785615897,
    0.328822556571962,
    -0.8791470410915956,
    0.14506351125700492,
    0.1516879570130305,
    -0.06759459276303598,
    0.0,
    0.03192661386514834,
    0.17227092073679198,
    0.06753673796976535,
    -0.17910413264303568
  ],
  "result": {
    "score": 694.2764976528738,
    "progress": 0.7995813596340344,
    "x_distance": 0.7995813596340344,
    "y_distance": 0.0585854338374494,
    "cross_track_error": 0.0585854338374494,
    "heading_error": -0.10316413675499003,
    "yaw_distance": 0.0,
    "planar_drift": 0.8017247680670301,
    "mean_abs_cross_velocity": 0.0472099451858168,
    "mean_abs_yaw_rate": 0.37578001192363447,
    "mean_action_delta": 0.051025756570743395,
    "mean_action_accel": 0.014561905522714368,
    "mean_abs_action": 0.2770456540212035,
    "length": 400,
    "terminated": false
  },
  "episode_seconds": 8.0,
  "domain_randomization": false,
  "domain_randomization_strength": 0.25,
  "randomize_reset": false
}
