{
  "primitive": "yaw-right",
  "param_names": [
    "frequency_hz",
    "center_front",
    "center_back_left",
    "center_back_right",
    "amplitude_front",
    "amplitude_back_left",
    "amplitude_back_right",
    "phase_front",
    "phase_back_left",
    "phase_back_right",
    "harmonic_front",
    "harmonic_back_left",
    "harmonic_back_right",
    "heading_kp",
    "yaw_kd",
    "turn_front",
    "turn_back_left",
    "turn_back_right",
    "harmonic_phase_front",
    "harmonic_phase_back_left",
    "harmonic_phase_back_right"
  ],
  "params": {
    "frequency_hz": 0.35,
    "center_front": -0.09342854574862748,
    "center_back_left": 0.038881298450237,
    "center_back_right": 0.07166492819316042,
    "amplitude_front": 0.058941031694075996,
    "amplitude_back_left": 0.02,
    "amplitude_back_right": 0.06718198561832235,
    "phase_front": -0.09251074711006169,
    "phase_back_left": 1.8782779454475689,
    "phase_back_right": -2.1767466661071038,
    "harmonic_front": 0.006877222534235691,
    "harmonic_back_left": 0.010622362435202516,
    "harmonic_back_right": -0.02922544490089525,
    "heading_kp": 0.13974376243780778,
    "yaw_kd": 0.21471755537785642,
    "turn_front": -0.23758383632489255,
    "turn_back_left": 0.6339459908186692,
    "turn_back_right": -0.38274435722756095,
    "harmonic_phase_front": 1.417362944399697,
    "harmonic_phase_back_left": 0.47110693402531556,
    "harmonic_phase_back_right": -0.3628457354189365
  },
  "vector": [
    0.35,
    -0.09342854574862748,
    0.038881298450237,
    0.07166492819316042,
    0.058941031694075996,
    0.02,
    0.06718198561832235,
    -0.09251074711006169,
    1.8782779454475689,
    -2.1767466661071038,
    0.006877222534235691,
    0.010622362435202516,
    -0.02922544490089525,
    0.13974376243780778,
    0.21471755537785642,
    -0.23758383632489255,
    0.6339459908186692,
    -0.38274435722756095,
    1.417362944399697,
    0.47110693402531556,
    -0.3628457354189365
  ],
  "result": {
    "score": -692.645474355234,
    "progress": 0.005327080345455482,
    "x_distance": -0.0015389754749285688,
    "y_distance": -0.0002500837198879028,
    "cross_track_error": 0.0005645753981102223,
    "heading_error": -2.230105041114829,
    "yaw_distance": 0.005327080345455482,
    "target_yaw_distance": 1.44,
    "yaw_distance_error": -1.4346729196545445,
    "planar_drift": 0.0016193267809169755,
    "min_height": 0.06266549039200237,
    "mean_height_warning_deficit": 0.0,
    "max_height_warning_deficit": 0.0,
    "mean_height_deficit": 0.0,
    "max_height_deficit": 0.0,
    "mean_planar_drift": 0.0013496062286344204,
    "max_planar_drift": 0.00215596623325491,
    "rms_planar_drift": 0.0014375663817102302,
    "mean_abs_planar_speed": 0.0025289674933298345,
    "max_abs_planar_speed": 0.015993003485389394,
    "mean_abs_yaw_error": 1.1990146948439184,
    "mean_abs_roll_pitch_rate": 0.005493259621289326,
    "mean_support_deficit": 0.0,
    "mean_contact_foot_speed": 0.00511508068393942,
    "mean_abs_cross_velocity": 0.002005559555057494,
    "mean_abs_yaw_rate": 0.00551932436365607,
    "mean_action_delta": 0.008245041838381439,
    "mean_action_accel": 0.004250434445566498,
    "mean_abs_action": 0.06524393339641392,
    "length": 60,
    "terminated": false
  },
  "episode_seconds": 8.0,
  "episode_seconds_suite": [
    4.0,
    8.0
  ],
  "domain_randomization": false,
  "domain_randomization_strength": 0.25,
  "randomize_reset": false
}
