{
  "primitive": "yaw-right",
  "param_names": [
    "frequency_hz",
    "center_front",
    "center_back_left",
    "center_back_right",
    "amplitude_front",
    "amplitude_back_left",
    "amplitude_back_right",
    "phase_front",
    "phase_back_left",
    "phase_back_right",
    "harmonic_front",
    "harmonic_back_left",
    "harmonic_back_right",
    "heading_kp",
    "yaw_kd",
    "turn_front",
    "turn_back_left",
    "turn_back_right",
    "harmonic_phase_front",
    "harmonic_phase_back_left",
    "harmonic_phase_back_right"
  ],
  "params": {
    "frequency_hz": 1.2250944977081601,
    "center_front": 0.15363972802082915,
    "center_back_left": 0.04536278232621967,
    "center_back_right": 0.11865495490849372,
    "amplitude_front": 0.17022283430890406,
    "amplitude_back_left": 0.33055879579538056,
    "amplitude_back_right": 0.0797558634437617,
    "phase_front": -0.6732352445807575,
    "phase_back_left": 2.0725498258937787,
    "phase_back_right": -0.9779440069409251,
    "harmonic_front": 0.03981690358842107,
    "harmonic_back_left": 0.2169618060476426,
    "harmonic_back_right": 0.05712519156658699,
    "heading_kp": 0.3269957031709042,
    "yaw_kd": 0.06260659935433344,
    "turn_front": -0.6482917970633819,
    "turn_back_left": 0.25451265200098167,
    "turn_back_right": -0.3651083941855895,
    "harmonic_phase_front": -1.1176917997573828,
    "harmonic_phase_back_left": -0.45372019705515276,
    "harmonic_phase_back_right": 0.15161805222850333
  },
  "vector": [
    1.2250944977081601,
    0.15363972802082915,
    0.04536278232621967,
    0.11865495490849372,
    0.17022283430890406,
    0.33055879579538056,
    0.0797558634437617,
    -0.6732352445807575,
    2.0725498258937787,
    -0.9779440069409251,
    0.03981690358842107,
    0.2169618060476426,
    0.05712519156658699,
    0.3269957031709042,
    0.06260659935433344,
    -0.6482917970633819,
    0.25451265200098167,
    -0.3651083941855895,
    -1.1176917997573828,
    -0.45372019705515276,
    0.15161805222850333
  ],
  "result": {
    "score": -848.4363759090261,
    "progress": -0.011072415545292813,
    "x_distance": -0.001787606535712271,
    "y_distance": 0.002235582892982386,
    "cross_track_error": 0.0016777788691650054,
    "heading_error": 0.31107241554529264,
    "yaw_distance": -0.011072415545292813,
    "target_yaw_distance": 0.3,
    "yaw_distance_error": -0.3110724155452928,
    "planar_drift": 0.002862405980624817,
    "min_height": 0.032524274101287116,
    "mean_height_warning_deficit": 0.003936380743975702,
    "max_height_warning_deficit": 0.017475725898712886,
    "mean_height_deficit": 0.0004951451797425774,
    "max_height_deficit": 0.002475725898712887,
    "mean_planar_drift": 0.0018918750215775478,
    "max_planar_drift": 0.0028779560622717495,
    "rms_planar_drift": 0.002207768281623845,
    "mean_abs_planar_speed": 0.01565032320690296,
    "max_abs_planar_speed": 0.042612046050928845,
    "mean_abs_yaw_error": 1.2442896621811712,
    "mean_abs_roll_pitch_rate": 0.9339712977409362,
    "mean_support_deficit": 0.0,
    "mean_contact_foot_speed": 0.06242947085332125,
    "mean_abs_cross_velocity": 0.007890981211199964,
    "mean_abs_yaw_rate": 0.09005690719062542,
    "mean_action_delta": 0.07067721858620643,
    "mean_action_accel": 0.06882917247712612,
    "mean_abs_action": 0.10722168982028961,
    "length": 5,
    "terminated": true
  },
  "episode_seconds": 8.0,
  "episode_seconds_suite": [
    4.0,
    8.0
  ],
  "domain_randomization": false,
  "domain_randomization_strength": 0.25,
  "randomize_reset": false
}
