{
  "primitive": "yaw-right",
  "checkpoint": "runs/ppo_yaw_right_15cm/ppo_20260630_233657/policy_best.pt",
  "dt": 0.02,
  "control_hz": 50.0,
  "episode_seconds": 4.0,
  "seed": 123,
  "command": {
    "forward_command": 0.0,
    "yaw_rate_command": -1.0
  },
  "actions": [
    [
      -0.02192183956503868,
      -0.09515038132667542,
      0.05934404954314232
    ],
    [
      -0.2719096839427948,
      -0.012976080179214478,
      0.26820409297943115
    ],
    [
      -0.017742089927196503,
      0.2514054477214813,
      -0.1267407387495041
    ],
    [
      0.3924754858016968,
      -0.18543876707553864,
      -0.29495492577552795
    ],
    [
      -0.1073058545589447,
      -0.30581134557724,
      0.2944890558719635
    ],
    [
      -0.39235949516296387,
      0.07526210695505142,
      0.34686267375946045
    ],
    [
      -0.07438056170940399,
      0.2717031240463257,
      -0.05860180780291557
    ],
    [
      0.23537802696228027,
      0.045689504593610764,
      -0.3090493977069855
    ],
    [
      0.35272693634033203,
      -0.24206015467643738,
      -0.17851386964321136
    ],
    [
      0.3172014057636261,
      -0.234818696975708,
      -0.13339468836784363
    ],
    [
      0.0885208249092102,
      -0.2863273620605469,
      0.1295183151960373
    ],
    [
      -0.18617138266563416,
      -0.1605825126171112,
      0.3444187045097351
    ],
    [
      -0.12334367632865906,
      -0.18222622573375702,
      0.29622551798820496
    ],
    [
      -0.16484734416007996,
      0.1696629375219345,
      0.041577696800231934
    ],
    [
      0.07925473898649216,
      0.2073131650686264,
      -0.20713305473327637
    ],
    [
      0.01364605687558651,
      0.18703985214233398,
      -0.13834315538406372
    ],
    [
      0.05766298249363899,
      0.12431402504444122,
      -0.2251480519771576
    ],
    [
      0.3221879005432129,
      -0.2582566738128662,
      -0.1969422698020935
    ],
    [
      -0.20903317630290985,
      -0.2027311772108078,
      0.35226529836654663
    ],
    [
      -0.36008456349372864,
      0.08885190635919571,
      0.23522266745567322
    ],
    [
      -0.036028970032930374,
      0.26876550912857056,
      -0.12345375120639801
    ],
    [
      0.35056185722351074,
      -0.12352098524570465,
      -0.30940985679626465
    ],
    [
      0.3200303316116333,
      -0.25263041257858276,
      -0.14539523422718048
    ],
    [
      -0.23462660610675812,
      -0.16691337525844574,
      0.37891674041748047
    ],
    [
      -0.3583531975746155,
      -0.08995912224054337,
      0.39172831177711487
    ],
    [
      -0.029934799298644066,
      0.25356096029281616,
      -0.12716390192508698
    ],
    [
      0.07946603000164032,
      0.2172851413488388,
      -0.21701335906982422
    ],
    [
      0.3201500475406647,
      -0.09560365229845047,
      -0.30171629786491394
    ],
    [
      0.2924312949180603,
      -0.25539103150367737,
      -0.18316727876663208
    ],
    [
      -0.2705897390842438,
      -0.11652413010597229,
      0.3812839388847351
    ],
    [
      -0.28230020403862,
      -0.10561820864677429,
      0.36861759424209595
    ],
    [
      -0.10095605254173279,
      0.24204576015472412,
      -0.07737564295530319
    ],
    [
      0.2692752778530121,
      0.015552201308310032,
      -0.3363626003265381
    ],
    [
      0.3541017174720764,
      -0.2670356333255768,
      -0.21840554475784302
    ],
    [
      -0.23089425265789032,
      -0.18911156058311462,
      0.3848748505115509
    ],
    [
      -0.20925959944725037,
      0.23843559622764587,
      0.034070152789354324
    ],
    [
      0.07539236545562744,
      0.26035940647125244,
      -0.24967384338378906
    ],
    [
      0.3877415657043457,
      -0.12513776123523712,
      -0.3276463449001312
    ],
    [
      -0.09337485581636429,
      -0.28111597895622253,
      0.24518977105617523
    ],
    [
      -0.31683748960494995,
      -0.042435016483068466,
      0.40858179330825806
    ],
    [
      -0.1806882917881012,
      0.23404337465763092,
      0.050865620374679565
    ],
    [
      -0.042354766279459,
      0.22084879875183105,
      -0.05224912613630295
    ],
    [
      0.06671183556318283,
      0.08120065182447433,
      -0.1238284483551979
    ],
    [
      0.30736809968948364,
      -0.21967017650604248,
      -0.15319009125232697
    ],
    [
      0.2549992501735687,
      -0.25129973888397217,
      -0.06574186682701111
    ],
    [
      0.1280742883682251,
      -0.2990650236606598,
      0.056357868015766144
    ],
    [
      -0.25622376799583435,
      -0.11677439510822296,
      0.38412874937057495
    ],
    [
      -0.17447909712791443,
      0.21801255643367767,
      0.005523453000932932
    ],
    [
      0.0518130287528038,
      0.20832639932632446,
      -0.261191189289093
    ],
    [
      0.38673266768455505,
      -0.18076102435588837,
      -0.28844359517097473
    ],
    [
      -0.14921581745147705,
      -0.2601831257343292,
      0.32221436500549316
    ],
    [
      -0.3710404634475708,
      0.1639636754989624,
      0.24374189972877502
    ],
    [
      -0.058523569256067276,
      0.27409908175468445,
      -0.08654115349054337
    ],
    [
      0.3419603407382965,
      -0.11664769053459167,
      -0.30505526065826416
    ],
    [
      0.3168080747127533,
      -0.2583502233028412,
      -0.13756108283996582
    ],
    [
      -0.03692738339304924,
      -0.2590142786502838,
      0.2239648401737213
    ],
    [
      -0.17746305465698242,
      -0.13415022194385529,
      0.3202834725379944
    ],
    [
      -0.3357795476913452,
      -0.037448327988386154,
      0.3223941922187805
    ],
    [
      0.056536730378866196,
      0.2418193370103836,
      -0.21005064249038696
    ],
    [
      0.13843801617622375,
      0.17698714137077332,
      -0.2648685574531555
    ],
    [
      0.06426308304071426,
      0.21631132066249847,
      -0.20324109494686127
    ],
    [
      0.3203376829624176,
      -0.15868769586086273,
      -0.2835322320461273
    ],
    [
      -0.1917192041873932,
      -0.25818413496017456,
      0.33192357420921326
    ],
    [
      -0.30190733075141907,
      -0.08843671530485153,
      0.40951812267303467
    ],
    [
      -0.32911041378974915,
      0.1772640198469162,
      0.17939740419387817
    ],
    [
      0.02064984291791916,
      0.24083049595355988,
      -0.16681839525699615
    ],
    [
      0.31090235710144043,
      -0.1453074812889099,
      -0.2556188404560089
    ],
    [
      0.3237805664539337,
      -0.25424253940582275,
      -0.15397775173187256
    ],
    [
      -0.1395263522863388,
      -0.25616002082824707,
      0.31540921330451965
    ],
    [
      -0.3562307357788086,
      -0.12883923947811127,
      0.3818119764328003
    ],
    [
      -0.037632156163454056,
      0.20744425058364868,
      -0.13689905405044556
    ],
    [
      0.10632459819316864,
      0.14607681334018707,
      -0.22867389023303986
    ],
    [
      0.3446272611618042,
      -0.19311337172985077,
      -0.2435407191514969
    ],
    [
      -0.17155306041240692,
      -0.24864114820957184,
      0.3193586468696594
    ],
    [
      -0.31693536043167114,
      -0.041051000356674194,
      0.40203189849853516
    ],
    [
      -0.04984360188245773,
      0.26617205142974854,
      -0.08356627076864243
    ],
    [
      0.3621133863925934,
      -0.1138017326593399,
      -0.3132384121417999
    ],
    [
      0.3640414774417877,
      -0.2671407461166382,
      -0.19941577315330505
    ],
    [
      -0.1904759407043457,
      -0.1871344894170761,
      0.36242222785949707
    ],
    [
      -0.3053395748138428,
      0.1564853936433792,
      0.1841929703950882
    ],
    [
      0.08862440288066864,
      0.2665817439556122,
      -0.22257710993289948
    ],
    [
      0.311789870262146,
      -0.007516350131481886,
      -0.3581072986125946
    ],
    [
      0.25163325667381287,
